City_ID,City,Lat,Lng,Max Temp,Humidity,Cloudiness,Wind Speed,Country,Date
0,Tucumcari,35.1717,-103.725,33.64,55,0,10.36,US,2022-02-10 07:25:00
1,Invermere,50.5167,-116.0354,30.36,93,100,3.96,CA,2022-02-10 07:25:01
2,Dikson,73.5069,80.5464,1.53,94,100,20.38,RU,2022-02-10 07:25:01
3,Bahir Dar,11.5936,37.3908,70.59,47,86,1.72,ET,2022-02-10 07:25:02
4,Saint George,37.1041,-113.5841,55.99,37,0,21.85,US,2022-02-10 07:11:59
5,New Norfolk,-42.7826,147.0587,70.75,26,14,10.31,AU,2022-02-10 07:25:02
6,Hay River,60.8156,-115.7999,1.38,78,75,10.36,CA,2022-02-10 07:25:03
7,Avarua,-21.2078,-159.775,78.85,89,100,5.75,CK,2022-02-10 07:25:03
8,Hobart,-42.8794,147.3294,71.11,39,75,14.97,AU,2022-02-10 07:25:04
9,San Carlos De Bariloche,-41.1456,-71.3082,53.35,47,0,8.05,AR,2022-02-10 07:20:27
10,Kijang,35.2442,129.2139,55.13,31,4,4.12,KR,2022-02-10 07:21:20
11,Cherskiy,68.75,161.3,-41.93,100,96,5.01,RU,2022-02-10 07:25:05
12,Port Alfred,-33.5906,26.891,74.01,64,0,10.36,ZA,2022-02-10 07:25:05
13,Tete,-16.1564,33.5867,84.29,70,75,0.0,MZ,2022-02-10 07:24:02
14,Ponta Do Sol,32.6667,-17.1,69.71,56,95,3.62,PT,2022-02-10 07:25:06
15,Butaritari,3.0707,172.7902,82.17,78,90,17.81,KI,2022-02-10 07:25:06
16,Laguna,38.421,-121.4238,62.4,84,0,4.61,US,2022-02-10 07:14:18
17,Aksarka,66.5606,67.7975,5.72,95,97,13.65,RU,2022-02-10 07:25:07
18,Busselton,-33.65,115.3333,97.05,36,64,11.12,AU,2022-02-10 07:25:07
19,La Macarena,2.1837,-73.7849,68.74,89,98,1.74,CO,2022-02-10 07:25:08
20,Hilo,19.7297,-155.09,68.25,95,34,1.01,US,2022-02-10 07:25:08
21,Westport,41.1415,-73.3579,39.34,91,0,3.0,US,2022-02-10 07:22:36
22,Albany,42.6001,-73.9662,39.99,73,100,4.61,US,2022-02-10 07:24:19
23,Zhigansk,66.7697,123.3711,-29.54,97,97,9.28,RU,2022-02-10 07:23:44
24,Dwarka,22.2394,68.9678,75.65,42,3,15.39,IN,2022-02-10 07:24:07
25,Nizhniy Kuranakh,58.8353,125.4869,-11.18,93,100,1.57,RU,2022-02-10 07:25:09
26,Rjukan,59.8789,8.5941,33.66,89,49,8.66,NO,2022-02-10 07:25:10
27,Batamshinskiy,50.5594,58.2747,-7.62,98,100,11.9,KZ,2022-02-10 07:25:10
28,Sitka,57.0531,-135.33,37.29,87,100,19.57,US,2022-02-10 07:25:11
29,Luanda,-8.8368,13.2343,78.8,73,75,3.44,AO,2022-02-10 07:18:35
30,Bethel,41.3712,-73.414,35.22,87,0,0.0,US,2022-02-10 07:25:11
31,Nikolskoye,59.7035,30.7861,33.69,91,30,9.33,RU,2022-02-10 07:25:12
32,Georgetown,5.4112,100.3354,85.95,73,20,5.75,MY,2022-02-10 07:25:12
33,Hovd,48.0056,91.6419,-0.42,90,100,4.27,MN,2022-02-10 07:22:26
34,San Nicolas,18.1725,120.5953,87.71,66,20,10.36,PH,2022-02-10 07:25:13
35,Carnarvon,-24.8667,113.6333,86.07,58,0,17.27,AU,2022-02-10 07:25:13
36,Karratha,-20.7377,116.8463,90.46,56,11,17.85,AU,2022-02-10 07:25:14
37,Ranong,9.9658,98.6348,91.33,60,100,2.95,TH,2022-02-10 07:25:14
38,Deputatskiy,69.3,139.9,-27.72,85,80,6.42,RU,2022-02-10 07:25:14
39,Bathsheba,13.2167,-59.5167,77.61,69,40,17.27,BB,2022-02-10 07:17:28
40,Port Hedland,-20.3167,118.5667,91.45,62,24,20.71,AU,2022-02-10 07:25:15
41,Castro,-24.7911,-50.0119,59.86,88,99,7.45,BR,2022-02-10 07:25:16
42,Mataura,-46.1927,168.8643,66.47,65,37,4.52,NZ,2022-02-10 07:25:16
43,Tura,25.5198,90.2201,73.42,42,17,5.88,IN,2022-02-10 07:25:16
44,Hermanus,-34.4187,19.2345,65.89,83,100,4.12,ZA,2022-02-10 07:25:17
45,Tuatapere,-46.1333,167.6833,66.81,76,56,2.39,NZ,2022-02-10 07:25:17
46,Nelson Bay,-32.7167,152.15,86.76,55,23,1.99,AU,2022-02-10 07:25:18
47,Port-Gentil,-0.7193,8.7815,80.56,94,40,8.05,GA,2022-02-10 07:25:18
48,Nome,64.5011,-165.4064,-16.53,69,0,5.75,US,2022-02-10 07:18:46
49,Srednekolymsk,67.45,153.6833,-36.26,99,44,6.49,RU,2022-02-10 07:23:56
50,Mitha Tiwana,32.2486,72.1108,69.15,26,0,5.3,PK,2022-02-10 07:26:19
51,Lebu,-37.6167,-73.65,57.81,85,100,23.09,CL,2022-02-10 07:26:19
52,Uthal,25.8072,66.6219,74.98,32,0,4.23,PK,2022-02-10 07:26:20
53,Russkaya Polyana,49.417,31.9201,37.8,96,100,14.63,UA,2022-02-10 07:26:20
54,Hithadhoo,-0.6,73.0833,82.13,72,74,12.53,MV,2022-02-10 07:26:21
55,Faya,18.3851,42.4509,66.31,40,1,6.78,SA,2022-02-10 07:17:22
56,Mossendjo,-2.9506,12.7261,71.6,96,100,3.06,CG,2022-02-10 07:26:21
57,Sakaiminato,35.55,133.2333,49.93,57,75,11.5,JP,2022-02-10 07:26:22
58,Tuktoyaktuk,69.4541,-133.0374,-11.85,96,100,11.41,CA,2022-02-10 07:26:22
59,Atuona,-9.8,-139.0333,78.44,77,17,17.07,PF,2022-02-10 07:26:22
60,Rikitea,-23.1203,-134.9692,79.14,74,19,19.37,PF,2022-02-10 07:26:23
61,Codrington,-38.2667,141.9667,65.52,53,49,13.42,AU,2022-02-10 07:21:12
62,San Cristobal,7.7669,-72.225,65.37,84,100,1.41,VE,2022-02-10 07:26:24
63,Aguimes,27.9054,-15.4461,70.66,46,20,5.75,ES,2022-02-10 07:26:24
64,Tselinnoye,53.0833,85.6667,2.93,85,15,4.36,RU,2022-02-10 07:26:24
65,Bluff,-46.6,168.3333,66.79,88,98,9.57,NZ,2022-02-10 07:26:25
66,Leningradskiy,69.3833,178.4167,-30.17,97,92,6.62,RU,2022-02-10 07:17:13
67,Bredasdorp,-34.5322,20.0403,65.52,82,100,6.91,ZA,2022-02-10 07:26:25
68,Punta Arenas,-53.15,-70.9167,44.71,76,75,28.77,CL,2022-02-10 07:22:23
69,Tautira,-17.7333,-149.15,82.0,77,14,15.35,PF,2022-02-10 07:24:02
70,Honningsvag,70.9821,25.9704,27.46,78,99,19.28,NO,2022-02-10 07:26:26
71,Puerto Ayora,-0.7393,-90.3518,72.66,87,56,5.77,EC,2022-02-10 07:26:27
72,Ust-Nera,64.5667,143.2,-28.44,99,56,3.98,RU,2022-02-10 07:26:27
73,Hambantota,6.1241,81.1185,85.05,60,73,8.39,LK,2022-02-10 07:17:18
74,Hofn,64.2539,-15.2082,18.82,63,15,9.48,IS,2022-02-10 07:26:28
75,Zheleznodorozhnyy,55.7503,38.0042,32.18,96,100,8.16,RU,2022-02-10 07:26:28
76,Guerrero Negro,27.9769,-114.0611,60.55,67,0,2.57,MX,2022-02-10 07:22:39
77,Port Hardy,50.6996,-127.4199,45.75,93,75,6.91,CA,2022-02-10 07:15:36
78,Isangel,-19.55,169.2667,78.66,93,100,25.17,VU,2022-02-10 07:18:37
79,Severo-Kurilsk,50.6789,156.125,29.68,76,98,14.16,RU,2022-02-10 07:26:29
80,Pingliang,35.5392,106.6861,30.74,84,100,4.5,CN,2022-02-10 07:26:29
81,Waingapu,-9.6567,120.2641,81.48,82,100,7.31,ID,2022-02-10 07:24:04
82,Vaini,-21.2,-175.2,78.96,100,20,8.05,TO,2022-02-10 07:26:30
83,Henties Bay,-22.116,14.2845,68.86,88,28,3.29,NA,2022-02-10 07:26:30
84,Taywarah,33.35,64.4167,29.07,57,0,1.86,AF,2022-02-10 07:26:31
85,Mar Del Plata,-38.0023,-57.5575,66.87,85,0,14.0,AR,2022-02-10 07:12:28
86,Cape Town,-33.9258,18.4232,70.11,84,75,4.61,ZA,2022-02-10 07:26:32
87,Ancud,-41.8697,-73.8203,50.23,78,0,6.11,CL,2022-02-10 07:26:32
88,Jamestown,42.097,-79.2353,36.01,64,100,8.99,US,2022-02-10 07:26:33
89,Tomatlan,19.9333,-105.25,59.99,57,0,3.8,MX,2022-02-10 07:26:33
90,Bonavista,48.6499,-53.1147,35.11,86,91,24.67,CA,2022-02-10 07:17:21
91,Amapa,1.0,-52.0,70.39,100,100,2.17,BR,2022-02-10 07:26:34
92,Acarau,-2.8856,-40.12,76.87,82,90,7.63,BR,2022-02-10 07:25:10
93,Gambela,8.25,34.5833,92.97,21,9,3.76,ET,2022-02-10 07:26:35
94,Husavik,66.0449,-17.3389,-2.29,94,47,17.72,IS,2022-02-10 07:27:35
95,Tasiilaq,65.6145,-37.6368,17.76,57,100,8.37,GL,2022-02-10 07:27:36
96,Nadym,65.5333,72.5167,1.36,89,6,17.49,RU,2022-02-10 07:27:36
97,Ushuaia,-54.8,-68.3,46.06,49,100,12.66,AR,2022-02-10 07:25:51
98,Clyde River,70.4692,-68.5914,-12.77,77,100,23.02,CA,2022-02-10 07:22:50
99,Yellowknife,62.456,-114.3525,-5.58,87,100,21.85,CA,2022-02-10 07:27:37
100,Shingu,33.7333,135.9833,48.9,92,100,1.9,JP,2022-02-10 07:21:19
101,Thessalon,46.2501,-83.5666,30.69,96,95,5.28,CA,2022-02-10 07:27:37
102,Bridgeton,39.4273,-75.2341,42.49,84,0,0.0,US,2022-02-10 07:27:38
103,Puerto El Triunfo,13.2833,-88.55,75.36,59,96,4.41,SV,2022-02-10 07:27:38
104,Abu Dhabi,24.4667,54.3667,73.51,69,0,3.44,AE,2022-02-10 07:21:16
105,San Patricio,28.017,-97.5169,56.84,65,100,7.52,US,2022-02-10 07:27:39
106,Airai,-8.9266,125.4092,64.65,96,100,0.36,TL,2022-02-10 07:27:39
107,Cururupu,-1.8283,-44.8683,72.99,96,100,2.57,BR,2022-02-10 07:27:40
108,Kapaa,22.0752,-159.319,71.92,83,100,3.44,US,2022-02-10 07:26:55
109,East London,-33.0153,27.9116,74.34,60,0,11.5,ZA,2022-02-10 07:27:40
110,Haines Junction,60.7522,-137.5108,39.15,48,100,5.75,CA,2022-02-10 07:27:41
111,Makakilo City,21.3469,-158.0858,71.92,73,20,3.44,US,2022-02-10 07:22:45
112,Camacha,33.0833,-16.3333,65.53,94,40,5.75,PT,2022-02-10 07:23:58
113,Cacador,-26.7753,-51.015,62.29,83,100,6.08,BR,2022-02-10 07:27:42
114,Bubaque,11.2833,-15.8333,77.83,69,0,9.13,GW,2022-02-10 07:27:42
115,Tiksi,71.6872,128.8694,-12.03,92,99,14.38,RU,2022-02-10 07:27:42
116,Emmett,43.8735,-116.4993,36.19,79,6,1.01,US,2022-02-10 07:27:43
117,Semey,50.4111,80.2275,-0.18,85,100,4.47,KZ,2022-02-10 07:27:43
118,Arraial Do Cabo,-22.9661,-42.0278,69.51,94,100,3.6,BR,2022-02-10 07:27:44
119,Qaanaaq,77.484,-69.3632,-22.77,60,82,7.11,GL,2022-02-10 07:27:45
120,Barrow,71.2906,-156.7887,-16.58,69,100,6.91,US,2022-02-10 07:27:45
121,Yulara,-25.2406,130.9889,96.64,20,93,9.22,AU,2022-02-10 07:27:46
122,Broome,42.2506,-75.833,40.86,72,40,6.91,US,2022-02-10 07:24:07
123,Matara,5.9485,80.5353,85.71,60,92,8.05,LK,2022-02-10 07:27:46
124,Vestmannaeyjar,63.4427,-20.2734,25.29,64,99,6.73,IS,2022-02-10 07:27:47
125,Yar-Sale,66.8333,70.8333,3.18,94,62,14.94,RU,2022-02-10 07:27:47
126,Benguela,-12.5763,13.4055,75.0,63,100,5.68,AO,2022-02-10 07:27:47
127,Sivas,39.7916,37.0019,25.43,93,75,20.71,TR,2022-02-10 07:27:48
128,Kawalu,-7.3817,108.2082,81.75,74,100,2.84,ID,2022-02-10 07:27:48
129,Port Elizabeth,-33.918,25.5701,75.49,64,0,16.11,ZA,2022-02-10 07:27:49
130,Ulladulla,-35.35,150.4667,76.87,80,100,13.42,AU,2022-02-10 07:27:49
131,Dunhua,43.3725,128.2425,27.54,79,27,1.9,CN,2022-02-10 07:27:50
132,Lagoa,39.05,-27.9833,57.92,70,5,13.4,PT,2022-02-10 07:27:50
133,Hualmay,-11.0964,-77.6139,69.49,84,100,6.67,PE,2022-02-10 07:20:11
134,Vardo,70.3705,31.1107,28.38,80,75,20.71,NO,2022-02-10 07:27:51
135,Pisco,-13.7,-76.2167,69.03,94,40,3.44,PE,2022-02-10 07:27:51
136,Weligama,5.9667,80.4167,85.03,61,99,8.5,LK,2022-02-10 07:27:52
137,Dolores,-36.3132,-57.6792,62.55,92,9,7.02,AR,2022-02-10 07:20:04
138,Serov,59.6033,60.5787,18.12,90,87,9.48,RU,2022-02-10 07:27:52
139,Leonidovo,49.2833,142.8667,22.37,94,95,1.05,RU,2022-02-10 07:27:53
140,Qasigiannguit,68.8193,-51.1922,-17.5,94,75,9.15,GL,2022-02-10 07:22:46
141,Geraldton,-28.7667,114.6,91.81,31,0,13.8,AU,2022-02-10 07:19:16
142,Marzuq,14.4,46.4667,71.17,23,16,5.1,YE,2022-02-10 07:28:54
143,Verkhnyaya Inta,65.9811,60.3094,11.91,75,100,13.85,RU,2022-02-10 07:28:54
144,Knysna,-34.0363,23.0471,71.98,79,28,8.34,ZA,2022-02-10 07:28:54
145,Salinopolis,-0.6136,-47.3561,76.89,87,47,6.76,BR,2022-02-10 07:28:55
146,Klaksvik,62.2266,-6.589,31.12,65,100,26.82,FO,2022-02-10 07:23:59
147,Touros,-5.1989,-35.4608,76.1,65,100,6.76,BR,2022-02-10 07:28:55
148,Trairi,-3.2778,-39.2689,75.96,83,77,4.88,BR,2022-02-10 07:28:56
149,Bambous Virieux,-20.3428,57.7575,82.65,69,40,9.22,MU,2022-02-10 07:28:56
150,Mangochi,-14.4782,35.2645,78.44,77,78,2.48,MW,2022-02-10 07:28:57
151,Thompson,55.7435,-97.8558,-3.84,77,100,3.44,CA,2022-02-10 07:24:47
152,Fairbanks,64.8378,-147.7164,-1.91,78,100,9.22,US,2022-02-10 07:28:57
153,Novo Horizonte,-21.4681,-49.2208,65.03,92,81,8.01,BR,2022-02-10 07:28:58
154,Hami,42.8,93.45,32.99,35,100,3.69,CN,2022-02-10 07:28:58
155,Alta Floresta,-9.8756,-56.0861,69.84,98,100,0.54,BR,2022-02-10 07:28:59
156,Natal,-5.795,-35.2094,77.22,88,40,4.61,BR,2022-02-10 07:28:59
157,Skjervoy,70.0311,20.9714,28.58,57,17,9.84,NO,2022-02-10 07:28:59
158,Zambezi,-13.5432,23.1047,66.87,95,100,6.49,ZM,2022-02-10 07:29:00
159,Cabo San Lucas,22.8909,-109.9124,69.51,72,11,3.0,MX,2022-02-10 07:21:26
160,Souillac,-20.5167,57.5167,82.78,69,40,9.22,MU,2022-02-10 07:29:01
161,Alice Springs,-23.7,133.8833,96.22,43,5,10.36,AU,2022-02-10 07:29:01
162,Moba,33.2288,105.0179,31.84,70,100,4.16,CN,2022-02-10 07:29:01
163,Bowen,-20.0167,148.2333,84.42,66,96,7.7,AU,2022-02-10 07:26:13
164,Khatanga,71.9667,102.5,1.22,94,100,16.67,RU,2022-02-10 07:29:02
165,Domoni,-12.2569,44.5319,81.3,79,100,7.34,KM,2022-02-10 07:29:02
166,Digha,21.6833,87.55,78.33,49,9,8.7,IN,2022-02-10 07:29:03
167,Boende,-0.2167,20.8667,84.06,48,88,3.53,CD,2022-02-10 07:20:01
168,Fukue,32.6881,128.8419,48.56,71,75,9.22,JP,2022-02-10 07:29:03
169,Victoria,22.2855,114.1577,71.19,86,77,3.0,HK,2022-02-10 07:29:04
170,Kampong Thum,12.7111,104.8887,99.09,28,84,7.34,KH,2022-02-10 07:29:04
171,Lavrentiya,65.5833,-171.0,-27.27,93,53,7.05,RU,2022-02-10 07:29:05
172,Talnakh,69.4865,88.3972,-5.8,98,100,10.92,RU,2022-02-10 07:29:05
173,Ginir,7.1333,40.7,69.37,26,1,8.03,ET,2022-02-10 07:29:06
174,Vastseliina,57.7303,27.2932,34.45,84,74,14.63,EE,2022-02-10 07:29:06
175,Chapais,49.7834,-74.8492,28.18,94,100,10.45,CA,2022-02-10 07:28:35
176,Reconquista,-29.15,-59.65,66.51,40,5,6.76,AR,2022-02-10 07:20:11
177,Esperance,-33.8667,121.9,96.64,51,29,18.68,AU,2022-02-10 07:29:07
178,Pevek,69.7008,170.3133,-30.69,99,100,2.77,RU,2022-02-10 07:29:08
179,Erdenet,49.0333,104.0833,2.98,79,100,1.57,MN,2022-02-10 07:29:08
180,Zhezkazgan,47.8043,67.7144,22.98,93,100,8.95,KZ,2022-02-10 07:29:08
181,Nadvoitsy,63.8667,34.3167,28.38,96,100,11.52,RU,2022-02-10 07:24:24
182,Alcudia,39.8532,3.1214,45.37,74,0,2.59,ES,2022-02-10 07:29:09
183,La Ronge,55.1001,-105.2842,14.25,85,100,3.44,CA,2022-02-10 07:15:36
184,Gospic,44.5461,15.3747,28.09,77,42,1.66,HR,2022-02-10 07:29:10
185,Makat,47.6469,53.3463,33.39,86,100,17.9,KZ,2022-02-10 07:29:10
186,Samarai,-10.6167,150.6667,82.81,67,18,15.23,PG,2022-02-10 07:29:10
187,Kahului,20.8947,-156.47,74.84,75,40,3.0,US,2022-02-10 07:30:11
188,Provideniya,64.3833,-173.3,-18.38,90,34,4.59,RU,2022-02-10 07:30:11
189,Kavieng,-2.5744,150.7967,82.44,75,24,8.79,PG,2022-02-10 07:30:12
190,Luderitz,-26.6481,15.1594,81.27,42,33,16.49,NA,2022-02-10 07:30:12
191,Lucea,18.451,-78.1736,73.26,80,5,4.7,JM,2022-02-10 07:22:42
192,Tornio,65.8481,24.1466,23.02,95,28,7.11,FI,2022-02-10 07:30:13
193,Vila Velha,-20.3297,-40.2925,73.35,86,100,5.99,BR,2022-02-10 07:30:13
194,Kamen-Rybolov,44.7481,132.0403,14.18,96,100,4.61,RU,2022-02-10 07:30:14
195,Markova,48.6758,24.4138,42.39,89,94,4.27,UA,2022-02-10 07:30:14
196,Iquitos,-3.7481,-73.2472,71.64,100,75,2.3,PE,2022-02-10 07:30:15
197,Vila Franca Do Campo,37.7167,-25.4333,57.2,76,61,8.39,PT,2022-02-10 07:30:15
198,Nouadhibou,20.931,-17.0347,67.98,42,90,10.36,MR,2022-02-10 07:30:16
199,Sola,-13.8833,167.55,82.53,79,100,22.1,VU,2022-02-10 07:30:16
200,Chabahar,25.2919,60.643,72.82,45,0,3.71,IR,2022-02-10 07:30:16
201,Manavalakurichi,8.1333,77.3,86.09,44,100,3.27,IN,2022-02-10 07:30:17
202,Mareeba,-17.0,145.4333,83.48,85,92,4.41,AU,2022-02-10 07:30:17
203,Lompoc,34.6391,-120.4579,66.13,61,0,8.05,US,2022-02-10 07:18:41
204,Saint-Augustin,51.226,-58.6502,8.8,92,10,6.2,CA,2022-02-10 07:30:18
205,Alyangula,-13.8483,136.4192,89.47,66,40,8.05,AU,2022-02-10 07:30:18
206,Serrinha,-11.6642,-39.0075,69.22,98,32,2.77,BR,2022-02-10 07:30:19
207,Moranbah,-22.0016,148.0466,94.12,24,4,17.22,AU,2022-02-10 07:30:19
208,Dryden,49.7833,-92.7503,5.29,85,100,3.44,CA,2022-02-10 07:30:20
209,Mahebourg,-20.4081,57.7,82.69,69,40,9.22,MU,2022-02-10 07:30:20
210,Kuybyshevo,47.8123,38.9073,33.82,83,100,11.36,RU,2022-02-10 07:30:21
211,Saldanha,-33.0117,17.9442,68.05,87,32,10.29,ZA,2022-02-10 07:29:58
212,Yakeshi,49.2833,120.7333,8.33,89,100,4.18,CN,2022-02-10 07:30:21
213,Goderich,43.7501,-81.7165,36.21,86,100,13.8,CA,2022-02-10 07:30:22
214,Biltine,14.5333,20.9167,66.22,14,0,15.73,TD,2022-02-10 07:26:09
215,Bintulu,3.1667,113.0333,88.21,79,20,7.0,MY,2022-02-10 07:30:22
216,Bajil,15.0584,43.2851,82.54,56,2,7.14,YE,2022-02-10 07:30:23
217,Topeka,39.0483,-95.678,44.8,55,75,11.5,US,2022-02-10 07:30:12
218,Chuy,-33.6971,-53.4616,62.6,86,3,5.77,UY,2022-02-10 07:30:23
219,Amahai,-3.3333,128.9167,84.58,69,53,3.87,ID,2022-02-10 07:30:24
220,Karymskoye,51.6167,114.35,9.07,78,100,3.56,RU,2022-02-10 07:30:24
221,Progreso,21.2833,-89.6667,66.11,82,1,8.9,MX,2022-02-10 07:30:24
222,San Ramon,37.7799,-121.978,63.75,65,0,5.75,US,2022-02-10 07:30:25
223,Batticaloa,7.7102,81.6924,81.97,71,42,6.93,LK,2022-02-10 07:30:25
224,Lamar,33.6668,-95.5836,51.53,42,0,4.61,US,2022-02-10 07:30:26
225,Cidreira,-30.1811,-50.2056,71.19,76,18,12.35,BR,2022-02-10 07:30:26
226,Zhanakorgan,43.9098,67.2495,41.7,68,39,11.27,KZ,2022-02-10 07:30:27
227,Minusio,46.1777,8.8147,44.64,43,20,2.06,CH,2022-02-10 07:30:27
228,Rach Gia,10.0167,105.0833,89.55,50,99,7.49,VN,2022-02-10 07:30:28
229,Guinguineo,14.2667,-15.95,76.82,10,0,6.91,SN,2022-02-10 07:30:28
230,San Francisco,37.7749,-122.4194,65.32,51,0,3.0,US,2022-02-10 07:29:02
231,Puerto Baquerizo Moreno,-0.9,-89.6,73.27,86,40,9.28,EC,2022-02-10 07:30:29
232,Coihaique,-45.5752,-72.0662,48.15,53,0,3.44,CL,2022-02-10 07:30:29
233,Foeni,47.7,22.3833,37.35,81,18,7.07,RO,2022-02-10 07:30:30
234,Kruisfontein,-34.0033,24.7314,76.93,52,0,16.15,ZA,2022-02-10 07:31:30
235,Athabasca,54.7169,-113.2854,48.61,76,100,25.21,CA,2022-02-10 07:30:35
236,Los Llanos De Aridane,28.6585,-17.9182,71.13,39,0,7.0,ES,2022-02-10 07:31:31
237,Acari,-15.4311,-74.6158,70.2,84,100,3.02,PE,2022-02-10 07:31:31
238,Kokopo,-4.352,152.2633,80.89,80,96,5.41,PG,2022-02-10 07:31:32
239,Norman Wells,65.282,-126.8329,-11.16,70,100,0.0,CA,2022-02-10 07:31:32
240,Rodeo,38.033,-122.2669,64.44,55,0,5.75,US,2022-02-10 07:31:33
241,Altay,47.8667,88.1167,12.74,92,100,2.75,CN,2022-02-10 07:23:53
242,Moose Factory,51.2585,-80.6094,17.6,86,100,12.66,CA,2022-02-10 07:31:33
243,Cerrito,6.8432,-72.694,50.4,88,96,3.0,CO,2022-02-10 07:31:34
244,Kaitangata,-46.2817,169.8464,59.23,98,36,2.98,NZ,2022-02-10 07:31:34
245,Vizinga,61.0749,50.1031,27.5,94,100,7.87,RU,2022-02-10 07:31:35
246,Safranbolu,41.2508,32.6942,33.53,82,71,2.33,TR,2022-02-10 07:31:35
247,Nanortalik,60.1432,-45.2371,18.99,61,70,6.46,GL,2022-02-10 07:31:35
248,Sambava,-14.2667,50.1667,83.34,73,92,8.1,MG,2022-02-10 07:31:36
249,Abha,18.2164,42.5053,66.02,39,0,17.27,SA,2022-02-10 07:31:36
250,Ilulissat,69.2167,-51.1,-16.02,95,99,12.08,GL,2022-02-10 07:31:37
251,Kamaishi,39.2667,141.8833,32.95,83,100,5.53,JP,2022-02-10 07:31:37
252,Salalah,17.0151,54.0924,78.49,22,59,4.72,OM,2022-02-10 07:31:38
253,Verkhnevilyuysk,63.4453,120.3167,-23.37,98,74,1.48,RU,2022-02-10 07:31:38
254,Iraucuba,-3.7461,-39.7833,70.83,93,61,2.13,BR,2022-02-10 07:31:39
255,Rudbar,30.15,62.6,66.24,12,0,3.69,AF,2022-02-10 07:31:39
256,La Baule-Escoublac,47.2922,-2.364,46.35,94,100,3.44,FR,2022-02-10 07:31:39
257,Manthani,18.65,79.6667,87.24,37,90,5.28,IN,2022-02-10 07:31:40
258,Neka,36.6508,53.299,63.91,45,0,2.3,IR,2022-02-10 07:31:40
259,Ahipara,-35.1667,173.1667,72.18,88,97,7.76,NZ,2022-02-10 07:31:41
260,Christchurch,-43.5333,172.6333,74.48,83,100,6.91,NZ,2022-02-10 07:30:44
261,Meulaboh,4.1363,96.1285,81.84,72,100,6.4,ID,2022-02-10 07:31:41
262,Egvekinot,66.3167,-179.1667,-25.85,87,80,6.17,RU,2022-02-10 07:23:52
263,Kirakira,-10.4544,161.9205,79.39,86,98,7.63,SB,2022-02-10 07:31:42
264,Salamiyah,35.0113,37.0532,47.97,72,97,15.66,SY,2022-02-10 07:31:42
265,Sinnamary,5.3833,-52.95,75.06,87,83,5.77,GF,2022-02-10 07:31:43
266,Ruski Krstur,45.5628,19.4158,32.02,72,3,3.67,RS,2022-02-10 07:31:43
267,Nuuk,64.1835,-51.7216,18.21,93,100,8.05,GL,2022-02-10 07:31:44
268,Acapulco,16.8634,-99.8901,75.02,83,20,4.61,MX,2022-02-10 07:31:44
269,Urumqi,43.801,87.6005,16.75,73,100,4.47,CN,2022-02-10 07:30:54
270,Balakhta,55.38,91.6,-4.09,88,23,1.28,RU,2022-02-10 07:31:45
271,Shar,49.5886,81.0453,6.22,89,100,3.71,KZ,2022-02-10 07:31:46
272,Sao Miguel Do Iguacu,-25.3481,-54.2378,69.24,74,5,2.37,BR,2022-02-10 07:31:46
273,Marsh Harbour,26.5412,-77.0636,72.3,74,100,10.58,BS,2022-02-10 07:31:47
274,Talpa,28.8257,-111.6257,61.57,39,0,4.52,MX,2022-02-10 07:31:47
275,Necochea,-38.5473,-58.7368,60.04,74,10,14.41,AR,2022-02-10 07:31:47
276,Garowe,8.4054,48.4845,79.97,23,76,16.4,SO,2022-02-10 07:31:48
277,Sakata,38.9167,139.855,35.78,75,75,4.61,JP,2022-02-10 07:31:48
278,Elk City,35.412,-99.4043,48.42,34,0,0.0,US,2022-02-10 07:31:49
279,Santarem,-2.4431,-54.7083,73.53,100,20,2.3,BR,2022-02-10 07:31:49
280,Saint-Pierre,-21.3393,55.4781,83.84,69,0,12.66,RE,2022-02-10 07:31:50
281,Hasaki,35.7333,140.8333,39.6,87,100,23.04,JP,2022-02-10 07:31:50
282,Filingue,14.3521,3.3168,72.54,9,14,12.24,NE,2022-02-10 07:31:51
283,Nhulunbuy,-12.2333,136.7667,86.61,70,40,12.66,AU,2022-02-10 07:32:52
284,Quime,-16.9833,-67.2167,50.16,97,100,3.83,BO,2022-02-10 07:32:52
285,Okhotsk,59.3833,143.3,10.44,83,100,4.34,RU,2022-02-10 07:32:52
286,Campechuela,20.2342,-77.2789,72.36,78,0,4.14,CU,2022-02-10 07:32:53
287,Vestmanna,62.1564,-7.1664,29.32,64,100,13.8,FO,2022-02-10 07:32:53
288,Saint-Philippe,-21.3585,55.7679,83.75,73,17,8.99,RE,2022-02-10 07:32:54
289,Sao Filipe,14.8961,-24.4956,76.73,58,92,5.46,CV,2022-02-10 07:32:54
290,Cap-Aux-Meules,47.3821,-61.8597,28.42,100,62,5.75,CA,2022-02-10 07:32:55
291,Gongzhuling,43.5008,124.8198,33.58,48,15,3.53,CN,2022-02-10 07:32:56
292,Ribeira Grande,38.5167,-28.7,55.8,76,20,6.91,PT,2022-02-10 07:32:56
293,Kalaleh,37.3807,55.4916,68.36,45,0,2.3,IR,2022-02-10 07:32:57
294,Russell,32.3502,-85.1999,45.63,93,0,0.0,US,2022-02-10 07:32:57
295,Kodiak,57.79,-152.4072,15.31,57,0,5.75,US,2022-02-10 07:32:58
296,Jumla,29.2747,82.1838,42.35,69,1,4.07,NP,2022-02-10 07:32:58
297,Vuktyl,63.8567,57.3094,21.4,88,100,16.62,RU,2022-02-10 07:32:59
298,Ibra,22.6906,58.5334,75.27,26,0,1.36,OM,2022-02-10 07:32:59
299,Camaqua,-30.8511,-51.8122,61.36,93,0,2.8,BR,2022-02-10 07:33:00
300,Aripuana,-9.1667,-60.6333,71.4,99,100,1.77,BR,2022-02-10 07:33:00
301,Zamora,-4.0692,-78.9567,66.13,99,100,1.45,EC,2022-02-10 07:31:10
302,Havre-Saint-Pierre,50.2334,-63.5986,28.4,93,100,6.91,CA,2022-02-10 07:33:01
303,Isla Vista,34.4133,-119.861,66.69,49,0,0.0,US,2022-02-10 07:33:01
304,Mount Gambier,-37.8333,140.7667,67.91,49,100,14.97,AU,2022-02-10 07:33:02
305,Corowa,-36.0333,146.3833,86.58,25,0,10.18,AU,2022-02-10 07:33:02
306,Damavand,35.7178,52.065,46.24,49,10,3.22,IR,2022-02-10 07:33:03
307,High Level,58.5169,-117.136,8.71,92,100,3.44,CA,2022-02-10 07:33:04
308,Ixtapa,20.7,-105.2,64.22,83,0,2.95,MX,2022-02-10 07:33:04
309,Pemangkat,1.1667,108.9667,79.68,80,95,6.71,ID,2022-02-10 07:33:04
310,Bocas Del Toro,9.3333,-82.25,75.24,82,13,7.09,PA,2022-02-10 07:33:05
311,Komsomolskiy,40.4272,71.7189,44.02,61,89,2.3,UZ,2022-02-10 07:24:09
312,Eureka,40.8021,-124.1637,60.37,68,32,7.31,US,2022-02-10 07:33:06
313,Ayan,56.45,138.1667,16.75,94,100,7.18,RU,2022-02-10 07:33:06
314,Dunedin,-45.8742,170.5036,66.79,91,27,0.49,NZ,2022-02-10 07:30:43
315,Asfi,32.2994,-9.2372,62.15,45,100,9.04,MA,2022-02-10 07:23:56
316,Kupang,-10.1667,123.5833,81.39,83,100,6.87,ID,2022-02-10 07:33:07
317,Lorengau,-2.0226,147.2712,81.72,82,91,7.02,PG,2022-02-10 07:23:31
318,Leeton,-34.5667,146.4,84.25,34,85,12.66,AU,2022-02-10 07:33:08
319,Carira,-10.3608,-37.7011,70.32,93,6,4.79,BR,2022-02-10 07:31:10
320,Beloha,-25.1667,45.05,87.84,51,44,5.57,MG,2022-02-10 07:33:08
321,Yumbel,-37.0833,-72.5667,54.32,64,96,8.03,CL,2022-02-10 07:28:15
322,Pimentel,-6.8367,-79.9342,70.68,77,100,8.28,PE,2022-02-10 07:33:09
323,Vitim,59.4511,112.5578,-5.44,88,100,4.54,RU,2022-02-10 07:33:09
324,Chokurdakh,70.6333,147.9167,-22.58,94,92,10.65,RU,2022-02-10 07:33:10
325,Walvis Bay,-22.9575,14.5053,69.1,94,4,3.44,NA,2022-02-10 07:33:11
326,Camocim,-2.9022,-40.8411,75.09,87,38,6.87,BR,2022-02-10 07:33:11
327,Aklavik,68.2191,-135.0107,-15.77,97,100,5.88,CA,2022-02-10 07:33:11
328,Vanimo,-2.6741,141.3028,83.1,74,64,4.36,PG,2022-02-10 07:33:12
329,Sorong,-0.8833,131.25,82.67,71,100,6.22,ID,2022-02-10 07:29:59
330,Muborak,39.2553,65.1528,59.07,20,1,9.64,UZ,2022-02-10 07:34:13
331,Iskateley,67.6803,53.1512,17.42,89,100,22.48,RU,2022-02-10 07:34:13
332,Upernavik,72.7868,-56.1549,-16.17,82,100,9.64,GL,2022-02-10 07:34:14
333,Shimoda,34.6667,138.95,41.36,95,100,11.32,JP,2022-02-10 07:34:14
334,Muros,42.7762,-9.0603,53.83,95,77,7.27,ES,2022-02-10 07:34:15
335,Boa Vista,2.8197,-60.6733,80.58,69,0,5.75,BR,2022-02-10 07:31:28
336,Kisangani,0.5167,25.2,85.35,55,100,5.93,CD,2022-02-10 07:34:15
337,Ilmenau,50.6833,10.9,39.27,89,90,1.01,DE,2022-02-10 07:34:16
338,Gushikawa,26.3544,127.8686,63.99,70,100,19.57,JP,2022-02-10 07:34:17
339,Placido De Castro,-10.3353,-67.1856,71.33,99,48,2.75,BR,2022-02-10 07:34:17
340,Benalla,-36.55,145.9833,86.14,33,0,15.99,AU,2022-02-10 07:34:18
341,Orocue,4.7912,-71.3354,74.34,88,46,1.16,CO,2022-02-10 07:34:18
342,San Jose,37.3394,-121.895,64.04,51,20,1.99,US,2022-02-10 07:33:06
343,Portland,45.5234,-122.6762,51.13,91,0,1.01,US,2022-02-10 07:30:46
344,Nova Russas,-4.7067,-40.5631,69.62,97,100,3.22,BR,2022-02-10 07:34:19
345,Matamoros,25.5333,-103.25,51.12,33,100,3.58,MX,2022-02-10 07:34:20
346,Sao Pedro,-22.5486,-47.9139,60.84,97,94,4.0,BR,2022-02-10 07:34:20
347,Mangan,27.5167,88.5333,60.35,67,52,5.5,IN,2022-02-10 07:34:21
348,Ouro Preto Do Oeste,-10.7481,-62.2158,71.13,97,100,3.09,BR,2022-02-10 07:34:21
349,Adrar,20.5022,-10.0711,59.59,21,69,11.79,MR,2022-02-10 07:34:21
350,Dolgorukovo,52.3195,38.3453,29.12,97,100,11.72,RU,2022-02-10 07:34:23
351,Araceli,10.5529,119.9913,80.26,79,40,19.3,PH,2022-02-10 07:34:23
352,Wloclawek,52.6482,19.0678,41.41,92,100,9.1,PL,2022-02-10 07:34:23
353,Banjar,-8.19,114.9675,84.06,83,90,2.01,ID,2022-02-10 07:34:24
354,Timoteo,-19.5825,-42.6444,70.66,100,100,2.19,BR,2022-02-10 07:34:24
355,Caravelas,-17.7125,-39.2481,73.63,92,6,3.56,BR,2022-02-10 07:34:25
356,Payson,40.0444,-111.7321,37.15,78,0,3.44,US,2022-02-10 07:34:25
357,Sungaipenuh,-2.0833,101.3833,77.14,41,94,4.0,ID,2022-02-10 07:34:26
358,Broken Hill,-31.95,141.4333,85.71,26,0,17.27,AU,2022-02-10 07:31:24
359,Grand Gaube,-20.0064,57.6608,83.37,65,0,5.99,MU,2022-02-10 07:34:26
360,Laranjeiras Do Sul,-25.4078,-52.4161,59.2,95,4,3.29,BR,2022-02-10 07:34:27
361,Northam,51.0333,-4.2167,43.02,77,100,12.91,GB,2022-02-10 07:34:27
362,Polson,47.6936,-114.1632,35.49,96,96,3.4,US,2022-02-10 07:34:28
363,Tyukalinsk,55.8732,72.1967,1.63,86,6,8.1,RU,2022-02-10 07:34:28
364,Mayo,38.8876,-76.5119,45.18,64,100,4.61,US,2022-02-10 07:34:29
365,Klyuchi,52.2667,79.1667,-0.02,92,82,4.7,RU,2022-02-10 07:34:29
366,Muravlenko,63.7898,74.523,1.0,86,8,14.61,RU,2022-02-10 07:34:29
367,Dingle,10.9995,122.6711,82.17,66,85,14.41,PH,2022-02-10 07:34:30
368,Opportunity,47.6499,-117.2399,38.57,88,0,0.0,US,2022-02-10 07:34:30
369,Gravdal,68.1214,13.5031,35.28,100,75,1.14,NO,2022-02-10 07:34:31
370,Mackay,-21.15,149.2,84.18,65,49,11.5,AU,2022-02-10 07:34:31
371,Riverton,40.5219,-111.9391,40.37,66,40,3.0,US,2022-02-10 07:34:32
372,Hornepayne,49.2138,-84.7705,4.26,92,100,11.07,CA,2022-02-10 07:34:32
373,Palizada,18.25,-92.0833,63.41,96,65,3.06,MX,2022-02-10 07:34:32
374,Basingstoke,51.2625,-1.0871,42.58,93,100,5.75,GB,2022-02-10 07:30:16
375,Kukushtan,57.6464,56.4952,22.62,88,100,10.25,RU,2022-02-10 07:35:33
376,Beyneu,45.3167,55.2,38.32,73,100,21.63,KZ,2022-02-10 07:35:34
377,Tamandare,-8.7597,-35.1047,77.68,75,79,7.09,BR,2022-02-10 07:35:34
378,Pontianak,-0.0333,109.3333,87.78,66,75,3.44,ID,2022-02-10 07:35:35
379,Rockport,28.0206,-97.0544,56.98,86,0,4.61,US,2022-02-10 07:35:35
380,Inyonga,-6.7167,32.0667,71.42,84,85,2.26,TZ,2022-02-10 07:35:36
381,Grenfell,-33.9,148.1667,84.33,36,100,5.28,AU,2022-02-10 07:35:36
382,Leshukonskoye,64.8989,45.7622,24.31,94,100,9.69,RU,2022-02-10 07:35:36
383,Kudahuvadhoo,2.6708,72.8944,80.98,73,60,8.66,MV,2022-02-10 07:35:37
384,Aswan,24.0934,32.907,59.23,34,0,19.13,EG,2022-02-10 07:35:38
385,Qaqortoq,60.7167,-46.0333,14.5,68,22,7.94,GL,2022-02-10 07:35:38
386,Mtambile,-5.3833,39.7,83.91,65,80,12.57,TZ,2022-02-10 07:35:38
387,Antsohihy,-14.8796,47.9875,81.34,81,100,5.03,MG,2022-02-10 07:35:39
388,Paranhos,-23.8928,-55.4311,66.07,61,30,3.15,BR,2022-02-10 07:35:39
389,Sobolevo,54.4299,31.8996,34.12,90,52,15.37,RU,2022-02-10 07:35:40
390,Bundu,23.1833,85.5833,75.42,35,47,1.68,IN,2022-02-10 07:35:40
391,Bengkulu,-3.8004,102.2655,79.77,68,100,5.17,ID,2022-02-10 07:35:40
392,Akividu,16.6,81.3833,86.18,38,27,7.49,IN,2022-02-10 07:35:41
393,Port Lincoln,-34.7333,135.8667,67.35,61,0,15.12,AU,2022-02-10 07:35:41
394,Saskylakh,71.9167,114.0833,-0.56,93,100,13.98,RU,2022-02-10 07:35:42
395,Nantucket,41.2835,-70.0995,39.31,91,0,10.36,US,2022-02-10 07:31:10
396,Panjab,34.388,67.0233,21.49,59,0,3.38,AF,2022-02-10 07:35:43
397,Kendari,-3.945,122.4989,80.62,86,100,3.74,ID,2022-02-10 07:35:43
398,Cabedelo,-6.9811,-34.8339,75.87,69,34,5.93,BR,2022-02-10 07:35:44
399,Thunder Bay,48.4001,-89.3168,11.55,70,20,17.27,CA,2022-02-10 07:32:32
400,Alofi,-19.0595,-169.9187,78.69,89,91,3.44,NU,2022-02-10 07:35:44
401,Petropavlovsk-Kamchatskiy,53.0452,158.6483,23.59,74,75,2.24,RU,2022-02-10 07:35:45
402,Ampanihy,-24.7,44.75,87.73,51,59,7.2,MG,2022-02-10 07:35:45
403,Shelburne,44.0787,-80.2041,33.26,91,100,12.53,CA,2022-02-10 07:35:46
404,Iwanai,42.9744,140.5089,22.3,88,28,1.32,JP,2022-02-10 07:35:46
405,Namatanai,-3.6667,152.4333,81.1,81,88,4.63,PG,2022-02-10 07:35:47
406,Vao,-22.6667,167.4833,80.24,92,100,20.8,NC,2022-02-10 07:35:47
407,Burnie,-41.0667,145.9167,68.94,45,0,14.94,AU,2022-02-10 07:35:48
408,Grindavik,63.8424,-22.4338,25.27,80,75,13.8,IS,2022-02-10 07:35:48
409,Aviemore,57.1955,-3.8259,37.17,86,40,18.54,GB,2022-02-10 07:35:49
410,Nabire,-3.3667,135.4833,79.3,88,99,0.38,ID,2022-02-10 07:35:49
411,Krasnovishersk,60.4078,57.082,26.17,89,100,12.66,RU,2022-02-10 07:35:50
412,Bull Savanna,17.8868,-77.5902,71.01,86,2,4.59,JM,2022-02-10 07:35:50
413,Akyab,20.15,92.9,79.21,39,5,11.25,MM,2022-02-10 07:35:50
414,Raudeberg,61.9875,5.1352,34.2,95,100,12.01,NO,2022-02-10 07:35:51
415,Hailar,49.2,119.7,5.94,89,100,8.41,CN,2022-02-10 07:35:51
416,Galesong,-5.3166,119.3661,75.22,89,100,7.9,ID,2022-02-10 07:35:52
417,Neiafu,-18.65,-173.9833,81.79,76,24,22.28,TO,2022-02-10 07:35:52
418,Griffith,41.5284,-87.4237,34.41,79,100,11.5,US,2022-02-10 07:36:53
419,Nemuro,43.3236,145.575,23.43,69,7,3.02,JP,2022-02-10 07:36:53
420,Bukama,-9.2,25.85,73.06,91,100,1.19,CD,2022-02-10 07:36:54
421,Kiunga,-6.1219,141.2906,80.98,91,100,1.21,PG,2022-02-10 07:36:54
422,Neryungri,56.6709,124.6491,-18.63,98,99,3.69,RU,2022-02-10 07:36:54
423,Molina,-35.1167,-71.2833,58.73,82,28,6.91,CL,2022-02-10 07:36:55
424,Lingsugur,16.1667,76.5167,84.76,32,36,7.52,IN,2022-02-10 07:36:55
425,Naantali,60.4674,22.0243,34.11,86,0,10.36,FI,2022-02-10 07:36:56
426,Fortuna,40.5982,-124.1573,61.09,76,0,11.5,US,2022-02-10 07:36:56
427,Kholtoson,50.2981,103.3097,2.26,69,100,2.62,RU,2022-02-10 07:36:57
428,Humaita,-7.5061,-63.0208,72.99,95,100,1.48,BR,2022-02-10 07:36:57
429,Upington,-28.4478,21.2561,80.98,26,0,2.3,ZA,2022-02-10 07:36:58
430,San Quintin,30.4833,-115.95,59.56,43,0,3.24,MX,2022-02-10 07:36:58
431,Raga,8.4596,25.678,82.36,14,58,9.04,SS,2022-02-10 07:36:59
432,Shirokiy,49.758,129.523,10.04,96,100,3.2,RU,2022-02-10 07:36:59
433,Mgandu,-5.95,34.1333,66.47,86,99,2.82,TZ,2022-02-10 07:36:59
434,Torbay,47.6666,-52.7314,34.57,88,75,26.46,CA,2022-02-10 07:35:32
435,Kununurra,-15.7667,128.7333,82.38,78,75,14.97,AU,2022-02-10 07:37:00
436,Taltal,-25.4,-70.4833,64.08,80,64,1.52,CL,2022-02-10 07:37:00
437,Sisimiut,66.9395,-53.6735,-11.36,98,99,7.31,GL,2022-02-10 07:37:01
438,Yumen,40.2833,97.2,31.24,26,100,15.05,CN,2022-02-10 07:37:01
439,Snezhnogorsk,69.1933,33.2531,26.38,95,96,12.08,RU,2022-02-10 07:37:02
440,Starkville,33.4504,-88.8184,42.46,72,1,5.57,US,2022-02-10 07:37:02
441,Korla,41.7597,86.1469,34.65,37,61,2.91,CN,2022-02-10 07:37:03
442,Faanui,-16.4833,-151.75,81.1,77,74,15.05,PF,2022-02-10 07:37:03
443,Inuvik,68.3499,-133.7218,-15.74,76,100,3.44,CA,2022-02-10 07:37:04
444,Mugur-Aksy,50.35,90.5,-0.6,89,99,3.89,RU,2022-02-10 07:37:04
445,Axim,4.8699,-2.2405,79.93,83,86,5.12,GH,2022-02-10 07:37:05
446,Port Augusta,-32.5,137.7667,84.7,49,1,22.44,AU,2022-02-10 07:37:05
447,Vieste,41.8825,16.175,37.9,47,0,1.86,IT,2022-02-10 07:37:06
448,Novyy Urengoy,66.0833,76.6333,-1.55,86,11,12.93,RU,2022-02-10 07:37:06
449,Rio Grande,-32.035,-52.0986,56.95,70,0,11.43,BR,2022-02-10 07:37:07
450,Tambovka,50.0969,128.0489,8.71,96,100,3.89,RU,2022-02-10 07:37:07
451,Ontario,34.0633,-117.6509,73.11,20,0,17.27,US,2022-02-10 07:36:13
452,Ostrovnoy,68.0531,39.5131,24.84,85,100,23.76,RU,2022-02-10 07:36:22
453,Yichun,47.7,128.9,12.67,90,95,0.04,CN,2022-02-10 07:37:08
454,Tanout,14.9709,8.8879,66.04,9,3,19.04,NE,2022-02-10 07:37:09
455,Kernersville,36.1199,-80.0736,42.84,65,0,4.61,US,2022-02-10 07:37:09
456,Antofagasta,-23.65,-70.4,65.48,85,0,0.36,CL,2022-02-10 07:37:09
457,Strezhevoy,60.7333,77.5889,-4.02,88,87,6.08,RU,2022-02-10 07:36:16
458,Vaitape,-16.5167,-151.75,81.1,77,76,15.03,PF,2022-02-10 07:37:10
459,Andros Town,24.7,-77.7667,73.36,78,30,12.19,BS,2022-02-10 07:37:10
460,Orlik,52.5178,99.825,-5.51,82,40,0.72,RU,2022-02-10 07:37:11
461,Letterkenny,54.95,-7.7333,37.29,68,40,16.84,IE,2022-02-10 07:37:11
462,Athens,37.9795,23.7162,53.38,66,20,1.99,GR,2022-02-10 07:34:59
463,Trofors,65.5333,13.4063,37.27,84,98,25.5,NO,2022-02-10 07:37:12
464,Gobabis,-22.45,18.9667,80.49,39,44,11.65,NA,2022-02-10 07:38:13
465,Naze,28.3667,129.4833,58.12,72,93,15.97,JP,2022-02-10 07:38:13
466,Yacuiba,-22.038,-63.6797,67.17,51,19,5.55,BO,2022-02-10 07:38:13
467,Kunya,12.2233,8.5325,57.36,58,0,0.0,NG,2022-02-10 07:38:14
468,Santa Maria,-29.6842,-53.8069,59.47,95,2,5.82,BR,2022-02-10 07:38:14
469,Inza,53.8533,46.3586,26.65,92,100,6.46,RU,2022-02-10 07:38:15
470,Xinzhou,38.4092,112.7333,38.97,32,100,2.77,CN,2022-02-10 07:38:15
471,Baiyin,36.5583,104.2081,34.68,49,43,5.23,CN,2022-02-10 07:38:16
472,Olafsvik,64.8945,-23.7142,32.36,75,100,20.71,IS,2022-02-10 07:36:33
473,Cartagena Del Chaira,1.3349,-74.8429,69.46,99,98,1.07,CO,2022-02-10 07:33:20
474,Evensk,61.95,159.2333,-12.06,77,72,5.88,RU,2022-02-10 07:38:16
475,Copiapo,-27.3667,-70.3333,62.29,90,13,1.32,CL,2022-02-10 07:38:17
476,Huilong,31.8111,121.655,47.98,58,20,9.66,CN,2022-02-10 07:38:18
477,Flinders,-34.5833,150.8552,83.21,74,86,4.5,AU,2022-02-10 07:37:09
478,Kaputa,-8.4689,29.6619,68.74,90,100,2.44,ZM,2022-02-10 07:38:19
479,Lata,40.1629,-8.3327,50.41,68,67,3.6,PT,2022-02-10 07:38:19
480,Langxiang,46.95,128.8833,18.82,88,97,0.94,CN,2022-02-10 07:38:19
481,Itarema,-2.9248,-39.9167,76.73,81,64,6.22,BR,2022-02-10 07:38:20
482,Bremervorde,53.4833,9.1333,43.21,90,100,8.93,DE,2022-02-10 07:38:20
483,Katsuura,35.1333,140.3,39.22,90,100,9.1,JP,2022-02-10 07:38:21
484,Monrovia,6.3005,-10.7969,76.57,89,35,4.65,LR,2022-02-10 07:38:21
485,Semirom,31.4167,51.5667,39.52,46,0,5.19,IR,2022-02-10 07:38:22
486,Omboue,-1.5746,9.2618,81.79,79,65,4.52,GA,2022-02-10 07:38:22
487,Paratinga,-12.6906,-43.1842,68.61,91,74,3.15,BR,2022-02-10 07:38:23
488,Kaeo,-35.1,173.7833,74.32,92,91,7.78,NZ,2022-02-10 07:38:23
489,Namibe,-15.1961,12.1522,75.83,83,75,0.0,AO,2022-02-10 07:38:24
490,Billings,45.7833,-108.5007,51.93,50,75,17.27,US,2022-02-10 07:36:51
491,Mercedes,-34.6515,-59.4307,67.84,72,0,8.03,AR,2022-02-10 07:38:24
492,Surt,31.2089,16.5887,58.06,61,47,13.98,LY,2022-02-10 07:38:25
493,Puerto Madryn,-42.7692,-65.0385,64.81,69,95,11.39,AR,2022-02-10 07:38:25
494,Xuddur,4.1213,43.8894,83.46,33,79,21.7,SO,2022-02-10 07:38:25
495,Juneau,58.3019,-134.4197,42.8,87,100,16.11,US,2022-02-10 07:37:11
496,Porkhov,57.765,29.5561,35.49,89,26,11.54,RU,2022-02-10 07:38:26
497,Odweyne,9.4092,45.064,80.69,15,3,8.7,SO,2022-02-10 07:38:26
498,Metro,-5.1131,105.3067,77.85,80,100,5.99,ID,2022-02-10 07:38:27
499,Avera,33.194,-82.5271,48.7,70,0,6.78,US,2022-02-10 07:34:18
500,Iskele,39.484,26.9278,48.22,57,40,11.5,TR,2022-02-10 07:38:27
501,Sao Joao Da Barra,-21.6403,-41.0511,69.51,96,100,8.43,BR,2022-02-10 07:38:28
502,Ahuimanu,21.4447,-157.8378,73.11,81,100,3.44,US,2022-02-10 07:38:28
503,Dubrovka,53.6907,33.5071,33.78,94,100,14.29,RU,2022-02-10 07:38:29
504,Amalapuram,16.5833,82.0167,86.38,40,19,7.16,IN,2022-02-10 07:38:29
505,Charters Towers,-20.1,146.2667,91.04,35,30,11.5,AU,2022-02-10 07:38:29
506,Gat,31.61,34.7642,49.78,100,98,17.85,IL,2022-02-10 07:38:30
507,Pangnirtung,66.1451,-65.7125,-21.89,85,28,7.4,CA,2022-02-10 07:38:30
508,Highland Springs,37.546,-77.3278,45.21,65,0,9.22,US,2022-02-10 07:38:31
509,Talcahuano,-36.7167,-73.1167,55.08,76,0,6.91,CL,2022-02-10 07:38:31
510,Abu Samrah,35.3029,37.1841,47.68,73,93,12.1,SY,2022-02-10 07:38:32
511,Salinas,36.6777,-121.6555,61.92,56,0,6.91,US,2022-02-10 07:39:32
512,Sioux Lookout,50.1001,-91.917,5.38,92,20,3.44,CA,2022-02-10 07:39:33
513,Whitley Bay,55.0397,-1.4471,37.08,78,9,17.16,GB,2022-02-10 07:39:33
514,Pavullo Nel Frignano,44.3315,10.835,48.27,35,1,31.07,IT,2022-02-10 07:39:34
515,Pacifica,37.6138,-122.4869,63.91,46,0,5.01,US,2022-02-10 07:39:34
516,Cayenne,4.9333,-52.3333,76.08,89,100,2.3,GF,2022-02-10 07:39:35
517,Gornopravdinsk,60.05,69.9,7.95,83,6,8.63,RU,2022-02-10 07:39:35
518,Arraias,-12.9288,-46.9437,67.53,95,100,0.96,BR,2022-02-10 07:39:36
519,Miri,4.4148,114.0089,87.94,74,40,9.22,MY,2022-02-10 07:39:36
520,Opuwo,-18.0607,13.84,70.2,78,100,1.72,NA,2022-02-10 07:39:37
521,Tebingtinggi,3.3285,99.1625,78.85,96,100,0.63,ID,2022-02-10 07:39:37
522,Hurghada,27.2574,33.8129,59.45,43,0,25.12,EG,2022-02-10 07:39:37
523,Toamasina,-18.1667,49.3833,86.0,74,40,6.91,MG,2022-02-10 07:39:38
524,San Andres,12.5847,-81.7006,80.62,74,40,9.22,CO,2022-02-10 07:39:39
525,Bom Jesus,-9.0744,-44.3586,71.19,88,84,1.45,BR,2022-02-10 07:39:39
526,Mordovo,52.0834,40.77,29.88,92,100,11.61,RU,2022-02-10 07:39:40
527,Katobu,-4.9408,122.5276,80.2,81,100,4.81,ID,2022-02-10 07:39:40
528,Sibolga,1.7427,98.7792,76.12,90,100,2.17,ID,2022-02-10 07:39:40
529,Minna,9.6139,6.5569,76.71,22,0,2.3,NG,2022-02-10 07:39:41
530,Kroya,-7.6331,109.2461,80.38,81,100,2.28,ID,2022-02-10 07:39:41
531,Waterloo,43.4668,-80.5164,34.43,86,100,12.66,CA,2022-02-10 07:37:29
532,Ath,50.6283,3.7794,46.15,93,100,10.36,BE,2022-02-10 07:39:42
533,Astoria,46.1879,-123.8313,49.01,94,100,3.44,US,2022-02-10 07:39:42
534,Coquimbo,-29.9533,-71.3436,64.13,88,100,5.75,CL,2022-02-10 07:36:31
535,Mondlo,-27.983,30.7177,81.25,41,2,3.94,ZA,2022-02-10 07:39:43
536,Kavaratti,10.5669,72.642,80.1,71,97,15.32,IN,2022-02-10 07:39:43
537,Hamilton,39.1834,-84.5333,38.95,77,0,5.75,US,2022-02-10 07:38:08
538,Renfrew,55.872,-4.3925,38.55,94,75,18.41,GB,2022-02-10 07:39:44
539,Ukiah,39.1502,-123.2078,55.85,56,0,3.74,US,2022-02-10 07:35:34
540,Fort Nelson,58.8053,-122.7002,40.48,63,71,12.01,CA,2022-02-10 07:39:45
541,Vila,42.0304,-8.1588,42.33,67,46,3.91,PT,2022-02-10 07:39:45
542,Guiren,33.6697,118.1889,48.99,44,70,4.05,CN,2022-02-10 07:39:46
543,Aykhal,66.0,111.5,-8.93,78,74,3.06,RU,2022-02-10 07:39:46
544,Saint-Denis,48.9167,2.3333,44.11,90,100,9.22,FR,2022-02-10 07:39:46
545,Iqaluit,63.7506,-68.5145,-27.67,75,0,0.0,CA,2022-02-10 07:36:40
546,Barsovo,61.1667,73.1667,0.01,88,6,8.59,RU,2022-02-10 07:39:47
547,Menongue,-14.6585,17.691,66.29,85,100,3.24,AO,2022-02-10 07:39:47
548,Viedma,-40.8135,-62.9967,71.67,65,100,13.56,AR,2022-02-10 07:39:48
549,Dharchula,29.85,80.5333,58.64,43,9,6.69,IN,2022-02-10 07:39:48
550,Pontes E Lacerda,-15.2261,-59.3353,68.94,97,100,1.3,BR,2022-02-10 07:37:41
551,Praia Da Vitoria,38.7333,-27.0667,57.45,88,40,10.4,PT,2022-02-10 07:39:49
552,Rabo De Peixe,37.8,-25.5833,57.27,91,20,3.44,PT,2022-02-10 07:39:50
553,Kahramanmaras,38.0,37.0,29.03,100,100,6.44,TR,2022-02-10 07:37:56
554,Nampula,-15.1165,39.2666,78.75,83,75,0.0,MZ,2022-02-10 07:39:50
555,Pucara,-15.9803,-71.4606,39.69,55,100,2.77,PE,2022-02-10 07:40:51
556,Dordrecht,51.81,4.6736,46.24,93,100,1.01,NL,2022-02-10 07:40:51
557,Slobodskoy,58.7322,50.1772,24.33,94,100,12.71,RU,2022-02-10 07:40:52
